<?xml version="1.0" encoding="utf-8"?>
<disqus xmlns="http://disqus.com" xmlns:dsq="http://disqus.com/disqus-internals" xmlns:xsi="http://www.w3.org/2001/XMLSchema-instance" xsi:schemaLocation="http://disqus.com/api/schemas/1.0/disqus.xsd http://disqus.com/api/schemas/1.0/disqus-internals.xsd">
<category dsq:id="6885318">
<forum>intimus</forum>
<title>General</title>
<isDefault>true</isDefault>
</category>
<thread dsq:id="5917426128">
<id>%E6%8D%A2%E5%88%B0HEXO%E4%BA%86/</id>
<forum>intimus</forum>
<category dsq:id="6885318" />
<link>https://veltlion.github.io/%E6%8D%A2%E5%88%B0HEXO%E4%BA%86/</link>
<title>换用hexo了</title>
<message />
<createdAt>2016-04-02T02:15:07Z</createdAt>
<author>
<email>sora@live.jp</email>
<name>Sora</name>
<isAnonymous>false</isAnonymous>
<username>sora56</username>
</author>
<ipAddress>127.0.0.1</ipAddress>
<isClosed>false</isClosed>
<isDeleted>false</isDeleted>
</thread>
<thread dsq:id="5917426127">
<id>%E6%89%8B%E6%BB%91%E6%8A%8A%E6%95%B0%E6%8D%AE%E5%BA%93%E5%88%A0%E4%BA%86%E2%98%86/</id>
<forum>intimus</forum>
<category dsq:id="6885318" />
<link>https://veltlion.github.io/%E6%89%8B%E6%BB%91%E6%8A%8A%E6%95%B0%E6%8D%AE%E5%BA%93%E5%88%A0%E4%BA%86%E2%98%86/</link>
<title>手滑把数据库删了☆</title>
<message />
<createdAt>2016-04-02T14:19:56Z</createdAt>
<author>
<email>sora@live.jp</email>
<name>Sora</name>
<isAnonymous>false</isAnonymous>
<username>sora56</username>
</author>
<ipAddress>127.0.0.1</ipAddress>
<isClosed>false</isClosed>
<isDeleted>false</isDeleted>
</thread>
<thread dsq:id="5917426138">
<id>%E5%85%A5%E4%BA%86%E4%B8%AAX1S%E7%9A%84%E6%89%8B%E6%9F%84/</id>
<forum>intimus</forum>
<category dsq:id="6885318" />
<link>https://veltlion.github.io/%E5%85%A5%E4%BA%86%E4%B8%AAX1S%E7%9A%84%E6%89%8B%E6%9F%84/</link>
<title>入了个x1s的手柄</title>
<message />
<createdAt>2017-03-08T21:24:51Z</createdAt>
<author>
<email>sora@live.jp</email>
<name>Sora</name>
<isAnonymous>false</isAnonymous>
<username>sora56</username>
</author>
<ipAddress>127.0.0.1</ipAddress>
<isClosed>false</isClosed>
<isDeleted>false</isDeleted>
</thread>
<thread dsq:id="5860251035">
<id>ttl-root-h7-4/</id>
<forum>intimus</forum>
<category dsq:id="6885318" />
<link>https://veltlion.github.io/ttl-root-h7-4/</link>
<title>            ROOT海美迪H7四代        </title>
<message />
<createdAt>2017-05-29T11:46:30Z</createdAt>
<author>
<email>sora@live.jp</email>
<name>Sora</name>
<isAnonymous>false</isAnonymous>
<username>sora56</username>
</author>
<ipAddress>153.125.234.237</ipAddress>
<isClosed>false</isClosed>
<isDeleted>false</isDeleted>
</thread>
<thread dsq:id="5860267474">
<id>submitting-packages-to-aur/</id>
<forum>intimus</forum>
<category dsq:id="6885318" />
<link>https://veltlion.github.io/submitting-packages-to-aur/</link>
<title>向AUR提交软件包</title>
<message />
<createdAt>2017-05-29T11:54:11Z</createdAt>
<author>
<email>sora@live.jp</email>
<name>Sora</name>
<isAnonymous>false</isAnonymous>
<username>sora56</username>
</author>
<ipAddress>127.0.0.1</ipAddress>
<isClosed>false</isClosed>
<isDeleted>false</isDeleted>
</thread>
<thread dsq:id="5860267473">
<id>%e6%8a%8a%e9%94%ae%e7%9b%98%e6%b4%97%e5%9d%8f%e4%ba%86%e2%80%a6/</id>
<forum>intimus</forum>
<category dsq:id="6885318" />
<link>https://veltlion.github.io/%e6%8a%8a%e9%94%ae%e7%9b%98%e6%b4%97%e5%9d%8f%e4%ba%86%e2%80%a6/</link>
<title>把键盘洗坏了…</title>
<message />
<createdAt>2017-05-29T11:54:11Z</createdAt>
<author>
<email>sora@live.jp</email>
<name>Sora</name>
<isAnonymous>false</isAnonymous>
<username>sora56</username>
</author>
<ipAddress>127.0.0.1</ipAddress>
<isClosed>false</isClosed>
<isDeleted>false</isDeleted>
</thread>
<thread dsq:id="5860267476">
<id>18/</id>
<forum>intimus</forum>
<category dsq:id="6885318" />
<link>https://veltlion.github.io/18/</link>
<title>18</title>
<message />
<createdAt>2017-05-29T11:54:11Z</createdAt>
<author>
<email>sora@live.jp</email>
<name>Sora</name>
<isAnonymous>false</isAnonymous>
<username>sora56</username>
</author>
<ipAddress>127.0.0.1</ipAddress>
<isClosed>false</isClosed>
<isDeleted>false</isDeleted>
</thread>
<thread dsq:id="5860267479">
<id>%e6%8d%a2%e5%88%b0hexo%e4%ba%86/</id>
<forum>intimus</forum>
<category dsq:id="6885318" />
<link>https://veltlion.github.io/%e6%8d%a2%e5%88%b0hexo%e4%ba%86/</link>
<title>换用hexo了</title>
<message />
<createdAt>2017-05-29T11:54:11Z</createdAt>
<author>
<email>sora@live.jp</email>
<name>Sora</name>
<isAnonymous>false</isAnonymous>
<username>sora56</username>
</author>
<ipAddress>127.0.0.1</ipAddress>
<isClosed>false</isClosed>
<isDeleted>false</isDeleted>
</thread>
<thread dsq:id="5860267496">
<id>android-global-http-proxy/</id>
<forum>intimus</forum>
<category dsq:id="6885318" />
<link>https://veltlion.github.io/android-global-http-proxy/</link>
<title>Android全局HTTP(S)代理</title>
<message />
<createdAt>2017-05-29T11:54:11Z</createdAt>
<author>
<email>sora@live.jp</email>
<name>Sora</name>
<isAnonymous>false</isAnonymous>
<username>sora56</username>
</author>
<ipAddress>127.0.0.1</ipAddress>
<isClosed>false</isClosed>
<isDeleted>false</isDeleted>
</thread>
<thread dsq:id="5860267499">
<id>%e6%89%8b%e6%bb%91%e6%8a%8a%e6%95%b0%e6%8d%ae%e5%ba%93%e5%88%a0%e4%ba%86%e2%98%86/</id>
<forum>intimus</forum>
<category dsq:id="6885318" />
<link>https://veltlion.github.io/%e6%89%8b%e6%bb%91%e6%8a%8a%e6%95%b0%e6%8d%ae%e5%ba%93%e5%88%a0%e4%ba%86%e2%98%86/</link>
<title>手滑把数据库删了☆</title>
<message />
<createdAt>2017-05-29T11:54:11Z</createdAt>
<author>
<email>sora@live.jp</email>
<name>Sora</name>
<isAnonymous>false</isAnonymous>
<username>sora56</username>
</author>
<ipAddress>127.0.0.1</ipAddress>
<isClosed>false</isClosed>
<isDeleted>false</isDeleted>
</thread>
<thread dsq:id="5860267500">
<id>chroot-archlinux-on-android/</id>
<forum>intimus</forum>
<category dsq:id="6885318" />
<link>https://veltlion.github.io/chroot-archlinux-on-android/</link>
<title>在android手机上chroot运行archlinux</title>
<message />
<createdAt>2017-05-29T11:54:11Z</createdAt>
<author>
<email>sora@live.jp</email>
<name>Sora</name>
<isAnonymous>false</isAnonymous>
<username>sora56</username>
</author>
<ipAddress>127.0.0.1</ipAddress>
<isClosed>false</isClosed>
<isDeleted>false</isDeleted>
</thread>
<thread dsq:id="5860267503">
<id>%e5%8f%88%e6%8a%8a%e6%89%8b%e6%9c%ba%e9%9c%87%e5%8a%a8%e6%91%94%e5%9d%8f%e4%ba%86%e2%80%a6/</id>
<forum>intimus</forum>
<category dsq:id="6885318" />
<link>https://veltlion.github.io/%e5%8f%88%e6%8a%8a%e6%89%8b%e6%9c%ba%e9%9c%87%e5%8a%a8%e6%91%94%e5%9d%8f%e4%ba%86%e2%80%a6/</link>
<title>又把手机震动摔坏了…</title>
<message />
<createdAt>2017-05-29T11:54:11Z</createdAt>
<author>
<email>sora@live.jp</email>
<name>Sora</name>
<isAnonymous>false</isAnonymous>
<username>sora56</username>
</author>
<ipAddress>127.0.0.1</ipAddress>
<isClosed>false</isClosed>
<isDeleted>false</isDeleted>
</thread>
<thread dsq:id="5860267510">
<id>%e5%b0%8f%e7%8c%ab/</id>
<forum>intimus</forum>
<category dsq:id="6885318" />
<link>https://veltlion.github.io/%e5%b0%8f%e7%8c%ab/</link>
<title>小猫</title>
<message />
<createdAt>2017-05-29T11:54:11Z</createdAt>
<author>
<email>sora@live.jp</email>
<name>Sora</name>
<isAnonymous>false</isAnonymous>
<username>sora56</username>
</author>
<ipAddress>127.0.0.1</ipAddress>
<isClosed>false</isClosed>
<isDeleted>false</isDeleted>
</thread>
<thread dsq:id="5860267511">
<id>test/</id>
<forum>intimus</forum>
<category dsq:id="6885318" />
<link>https://veltlion.github.io/test/</link>
<title>test</title>
<message />
<createdAt>2017-05-29T11:54:11Z</createdAt>
<author>
<email>sora@live.jp</email>
<name>Sora</name>
<isAnonymous>false</isAnonymous>
<username>sora56</username>
</author>
<ipAddress>127.0.0.1</ipAddress>
<isClosed>false</isClosed>
<isDeleted>false</isDeleted>
</thread>
<thread dsq:id="5860267516">
<id>%e5%85%a5%e4%ba%86%e4%b8%aax1s%e7%9a%84%e6%89%8b%e6%9f%84/</id>
<forum>intimus</forum>
<category dsq:id="6885318" />
<link>https://veltlion.github.io/%e5%85%a5%e4%ba%86%e4%b8%aax1s%e7%9a%84%e6%89%8b%e6%9f%84/</link>
<title>入了个x1s的手柄</title>
<message />
<createdAt>2017-05-29T11:54:11Z</createdAt>
<author>
<email>sora@live.jp</email>
<name>Sora</name>
<isAnonymous>false</isAnonymous>
<username>sora56</username>
</author>
<ipAddress>127.0.0.1</ipAddress>
<isClosed>false</isClosed>
<isDeleted>false</isDeleted>
</thread>
<thread dsq:id="5860267519">
<id>21/</id>
<forum>intimus</forum>
<category dsq:id="6885318" />
<link>https://veltlion.github.io/21/</link>
<title>21</title>
<message />
<createdAt>2017-05-29T11:54:11Z</createdAt>
<author>
<email>sora@live.jp</email>
<name>Sora</name>
<isAnonymous>false</isAnonymous>
<username>sora56</username>
</author>
<ipAddress>127.0.0.1</ipAddress>
<isClosed>false</isClosed>
<isDeleted>false</isDeleted>
</thread>
<thread dsq:id="5860955151">
<id>hexo-md-rename/</id>
<forum>intimus</forum>
<category dsq:id="6885318" />
<link>https://veltlion.github.io/hexo-md-rename/</link>
<title>            Hexo的md文件重命名        </title>
<message />
<createdAt>2017-05-29T16:34:56Z</createdAt>
<author>
<email>sora@live.jp</email>
<name>Sora</name>
<isAnonymous>false</isAnonymous>
<username>sora56</username>
</author>
<ipAddress>118.163.138.140</ipAddress>
<isClosed>false</isClosed>
<isDeleted>false</isDeleted>
</thread>
<thread dsq:id="5865774300">
<id>去除「十六夜のフォルトゥーナ」日本語版Windows判定/</id>
<forum>intimus</forum>
<category dsq:id="6885318" />
<link>https://veltlion.github.io/%e5%8e%bb%e9%99%a4%e3%80%8c%e5%8d%81%e5%85%ad%e5%a4%9c%e3%81%ae%e3%83%95%e3%82%a9%e3%83%ab%e3%83%88%e3%82%a5%e3%83%bc%e3%83%8a%e3%80%8d%e6%97%a5%e6%9c%ac%e8%aa%9e%e7%89%88Windows%e5%88%a4%e5%ae%9a/</link>
<title>            去除「十六夜のフォルトゥーナ」日本語版Windows判定        </title>
<message />
<createdAt>2017-05-31T07:17:36Z</createdAt>
<author>
<email>sora@live.jp</email>
<name>Sora</name>
<isAnonymous>false</isAnonymous>
<username>sora56</username>
</author>
<ipAddress>150.117.18.39</ipAddress>
<isClosed>false</isClosed>
<isDeleted>false</isDeleted>
</thread>
<thread dsq:id="5882888391">
<id>about/index.html</id>
<forum>intimus</forum>
<category dsq:id="6885318" />
<link>https://veltlion.github.io/about/index.html</link>
<title> ABOUT ME</title>
<message />
<createdAt>2017-06-05T18:29:22Z</createdAt>
<author>
<email>sora@live.jp</email>
<name>Sora</name>
<isAnonymous>false</isAnonymous>
<username>sora56</username>
</author>
<ipAddress>192.99.66.206</ipAddress>
<isClosed>false</isClosed>
<isDeleted>false</isDeleted>
</thread>
<thread dsq:id="5882889765">
<id>compiling-redsocks-for-android/</id>
<forum>intimus</forum>
<category dsq:id="6885318" />
<link>https://veltlion.github.io/compiling-redsocks-for-android/</link>
<title> 编译Android用的redsocks</title>
<message />
<createdAt>2017-06-05T18:29:55Z</createdAt>
<author>
<email>sora@live.jp</email>
<name>Sora</name>
<isAnonymous>false</isAnonymous>
<username>sora56</username>
</author>
<ipAddress>192.99.66.206</ipAddress>
<isClosed>false</isClosed>
<isDeleted>false</isDeleted>
</thread>
<thread dsq:id="5882890843">
<id>switch-to-hexo/</id>
<forum>intimus</forum>
<category dsq:id="6885318" />
<link>https://veltlion.github.io/switch-to-hexo/</link>
<title> 换用Hexo了</title>
<message />
<createdAt>2017-06-05T18:30:20Z</createdAt>
<author>
<email>sora@live.jp</email>
<name>Sora</name>
<isAnonymous>false</isAnonymous>
<username>sora56</username>
</author>
<ipAddress>192.99.66.206</ipAddress>
<isClosed>false</isClosed>
<isDeleted>false</isDeleted>
</thread>
<thread dsq:id="5906150805">
<id>sora…/</id>
<forum>intimus</forum>
<category dsq:id="6885318" />
<link>https://veltlion.github.io/sora%e2%80%a6/</link>
<title>(/≧▽≦/)咦！又好了！sora… - 空</title>
<message />
<createdAt>2017-06-13T10:57:01Z</createdAt>
<author>
<email>sora@live.jp</email>
<name>Sora</name>
<isAnonymous>false</isAnonymous>
<username>sora56</username>
</author>
<ipAddress>198.35.47.128</ipAddress>
<isClosed>false</isClosed>
<isDeleted>false</isDeleted>
</thread>
<thread dsq:id="5906161758">
<id>要断网了/</id>
<forum>intimus</forum>
<category dsq:id="6885318" />
<link>https://veltlion.github.io/%e8%a6%81%e6%96%ad%e7%bd%91%e4%ba%86/</link>
<title>要断网了 - 空</title>
<message />
<createdAt>2017-06-13T11:01:37Z</createdAt>
<author>
<email>sora@live.jp</email>
<name>Sora</name>
<isAnonymous>false</isAnonymous>
<username>sora56</username>
</author>
<ipAddress>198.35.47.128</ipAddress>
<isClosed>false</isClosed>
<isDeleted>false</isDeleted>
</thread>
<thread dsq:id="5908577457">
<id>在手机上面更新Hexo博客/</id>
<forum>intimus</forum>
<category dsq:id="6885318" />
<link>https://veltlion.github.io/hexo-on-android/</link>
<title>在手机上面更新Hexo博客</title>
<message />
<createdAt>2017-06-14T04:09:15Z</createdAt>
<author>
<email>sora@live.jp</email>
<name>Sora</name>
<isAnonymous>false</isAnonymous>
<username>sora56</username>
</author>
<ipAddress>45.32.62.30</ipAddress>
<isClosed>false</isClosed>
<isDeleted>false</isDeleted>
</thread>
<thread dsq:id="5917309487">
<id>%E6%8A%8A%E9%94%AE%E7%9B%98%E6%B4%97%E5%9D%8F%E4%BA%86%E2%80%A6/</id>
<forum>intimus</forum>
<category dsq:id="6885318" />
<link>https://veltlion.github.io/%E6%8A%8A%E9%94%AE%E7%9B%98%E6%B4%97%E5%9D%8F%E4%BA%86%E2%80%A6/</link>
<title> 把键盘洗坏了…</title>
<message />
<createdAt>2017-06-16T21:17:07Z</createdAt>
<author>
<email>sora@live.jp</email>
<name>Sora</name>
<isAnonymous>false</isAnonymous>
<username>sora56</username>
</author>
<ipAddress>153.125.235.147</ipAddress>
<isClosed>false</isClosed>
<isDeleted>false</isDeleted>
</thread>
<thread dsq:id="5917310510">
<id />
<forum>intimus</forum>
<category dsq:id="6885318" />
<link>https://veltlion.github.io/%E5%85%A5%E4%BA%86%E4%B8%AAx1s%E7%9A%84%E6%89%8B%E6%9F%84/</link>
<title> 入了个x1s的手柄</title>
<message />
<createdAt>2017-06-16T21:17:40Z</createdAt>
<author>
<email>sora@live.jp</email>
<name>Sora</name>
<isAnonymous>false</isAnonymous>
<username>sora56</username>
</author>
<ipAddress>153.125.235.147</ipAddress>
<isClosed>false</isClosed>
<isDeleted>false</isDeleted>
</thread>
<thread dsq:id="5917310757">
<id>%E5%8F%88%E6%8A%8A%E6%89%8B%E6%9C%BA%E9%9C%87%E5%8A%A8%E6%91%94%E5%9D%8F%E4%BA%86%E2%80%A6/</id>
<forum>intimus</forum>
<category dsq:id="6885318" />
<link>https://veltlion.github.io/%E5%8F%88%E6%8A%8A%E6%89%8B%E6%9C%BA%E9%9C%87%E5%8A%A8%E6%91%94%E5%9D%8F%E4%BA%86%E2%80%A6/</link>
<title> 又把手机震动摔坏了…</title>
<message />
<createdAt>2017-06-16T21:17:48Z</createdAt>
<author>
<email>sora@live.jp</email>
<name>Sora</name>
<isAnonymous>false</isAnonymous>
<username>sora56</username>
</author>
<ipAddress>153.125.235.147</ipAddress>
<isClosed>false</isClosed>
<isDeleted>false</isDeleted>
</thread>
<thread dsq:id="5917336442">
<id />
<forum>intimus</forum>
<category dsq:id="6885318" />
<link>https://veltlion.github.io/%E5%AF%86%E5%AE%A4%E3%80%81%E5%85%BD%E4%BA%BA%E3%80%81%E9%A6%99%E8%95%89/</link>
<title> 密室、兽人、香蕉</title>
<message />
<createdAt>2017-06-16T21:30:59Z</createdAt>
<author>
<email>sora@live.jp</email>
<name>Sora</name>
<isAnonymous>false</isAnonymous>
<username>sora56</username>
</author>
<ipAddress>153.125.235.147</ipAddress>
<isClosed>false</isClosed>
<isDeleted>false</isDeleted>
</thread>
<thread dsq:id="5917336803">
<id>%E5%B0%8F%E7%8C%AB/</id>
<forum>intimus</forum>
<category dsq:id="6885318" />
<link>https://veltlion.github.io/%E5%B0%8F%E7%8C%AB/</link>
<title>小猫 </title>
<message />
<createdAt>2017-06-16T21:31:10Z</createdAt>
<author>
<email>sora@live.jp</email>
<name>Sora</name>
<isAnonymous>false</isAnonymous>
<username>sora56</username>
</author>
<ipAddress>153.125.235.147</ipAddress>
<isClosed>false</isClosed>
<isDeleted>false</isDeleted>
</thread>
<thread dsq:id="5917646887">
<id />
<forum>intimus</forum>
<category dsq:id="6885318" />
<link>https://veltlion.github.io/%E5%A4%9A%E8%AF%B4%E8%BD%ACDisqus%E7%9A%84%E5%9D%91/</link>
<title>多说转Disqus的坑</title>
<message />
<createdAt>2017-06-17T00:38:56Z</createdAt>
<author>
<email>sora@live.jp</email>
<name>Sora</name>
<isAnonymous>false</isAnonymous>
<username>sora56</username>
</author>
<ipAddress>153.125.235.147</ipAddress>
<isClosed>false</isClosed>
<isDeleted>false</isDeleted>
</thread>
<thread dsq:id="5922359197">
<id />
<forum>intimus</forum>
<category dsq:id="6885318" />
<link>https://veltlion.github.io/sora%E2%80%A6/</link>
<title>sora… | 空</title>
<message />
<createdAt>2017-06-19T01:17:29Z</createdAt>
<author>
<email>sora@live.jp</email>
<name>Sora</name>
<isAnonymous>false</isAnonymous>
<username>sora56</username>
</author>
<ipAddress>69.12.78.190</ipAddress>
<isClosed>false</isClosed>
<isDeleted>false</isDeleted>
</thread>
<thread dsq:id="5931757492">
<id />
<forum>intimus</forum>
<category dsq:id="6885318" />
<link>https://webcache.googleusercontent.com/search?q=cache:E-Bhla5k29wJ:https://veltlion.github.io/ttl-root-h7-4/+&amp;cd=20&amp;hl=zh-CN&amp;ct=clnk&amp;gl=jp</link>
<title>ROOT海美迪H7四代</title>
<message />
<createdAt>2017-06-22T03:17:13Z</createdAt>
<author>
<email>sora@live.jp</email>
<name>Sora</name>
<isAnonymous>false</isAnonymous>
<username>sora56</username>
</author>
<ipAddress>61.202.247.129</ipAddress>
<isClosed>false</isClosed>
<isDeleted>false</isDeleted>
</thread>
<thread dsq:id="5939996412">
<id />
<forum>intimus</forum>
<category dsq:id="6885318" />
<link>https://veltlion.github.io/0</link>
<title>0</title>
<message />
<createdAt>2017-06-25T01:58:09Z</createdAt>
<author>
<email>sora@live.jp</email>
<name>Sora</name>
<isAnonymous>false</isAnonymous>
<username>sora56</username>
</author>
<ipAddress>121.109.72.12</ipAddress>
<isClosed>false</isClosed>
<isDeleted>false</isDeleted>
</thread>
<thread dsq:id="5940425402">
<id />
<forum>intimus</forum>
<category dsq:id="6885318" />
<link>https://veltlion.bitbucket.io/ttl-root-h7-4/</link>
<title> ROOT海美迪H7四代</title>
<message />
<createdAt>2017-06-25T07:35:10Z</createdAt>
<author>
<email>sora@live.jp</email>
<name>Sora</name>
<isAnonymous>false</isAnonymous>
<username>sora56</username>
</author>
<ipAddress>199.195.150.78</ipAddress>
<isClosed>false</isClosed>
<isDeleted>false</isDeleted>
</thread>
<thread dsq:id="5944908363">
<id />
<forum>intimus</forum>
<category dsq:id="6885318" />
<link>https://veltlion.github.io/%E5%8E%BB%E9%99%A4%E3%80%8C%E5%8D%81%E5%85%AD%E5%A4%9C%E3%81%AE%E3%83%95%E3%82%A9%E3%83%AB%E3%83%88%E3%82%A5%E3%83%BC%E3%83%8A%E3%80%8D%E6%97%A5%E6%9C%AC%E8%AA%9E%E7%89%88Windows%E5%88%A4%E5%AE%9A/</link>
<title> 去除「十六夜のフォルトゥーナ」日本語版Windows判定</title>
<message />
<createdAt>2017-06-27T04:16:01Z</createdAt>
<author>
<email>sora@live.jp</email>
<name>Sora</name>
<isAnonymous>false</isAnonymous>
<username>sora56</username>
</author>
<ipAddress>116.48.2.9</ipAddress>
<isClosed>false</isClosed>
<isDeleted>false</isDeleted>
</thread>
<thread dsq:id="5956327014">
<id />
<forum>intimus</forum>
<category dsq:id="6885318" />
<link>https://veltlion.github.io/%E9%80%86%E5%BA%8F%E7%9A%84%E4%B8%89%E4%BD%8D%E6%95%B0/</link>
<title>逆序的三位数 | 空</title>
<message />
<createdAt>2017-07-01T14:58:56Z</createdAt>
<author>
<email>sora@live.jp</email>
<name>Sora</name>
<isAnonymous>false</isAnonymous>
<username>sora56</username>
</author>
<ipAddress>137.175.66.13</ipAddress>
<isClosed>false</isClosed>
<isDeleted>false</isDeleted>
</thread>
<thread dsq:id="5959091647">
<id>多说转Disqus的坑/</id>
<forum>intimus</forum>
<category dsq:id="6885318" />
<link>https://veltlion.github.io/%e5%a4%9a%e8%af%b4%e8%bd%acDisqus%e7%9a%84%e5%9d%91/</link>
<title>多说转Disqus的坑</title>
<message />
<createdAt>2017-07-02T21:43:24Z</createdAt>
<author>
<email>sora@live.jp</email>
<name>Sora</name>
<isAnonymous>false</isAnonymous>
<username>sora56</username>
</author>
<ipAddress>153.125.237.243</ipAddress>
<isClosed>false</isClosed>
<isDeleted>false</isDeleted>
</thread>
<thread dsq:id="6008997750">
<id>标日初级第一单元/</id>
<forum>intimus</forum>
<category dsq:id="6885318" />
<link>https://veltlion.github.io/%e6%a0%87%e6%97%a5%e5%88%9d%e7%ba%a7%e7%ac%ac%e4%b8%80%e5%8d%95%e5%85%83/</link>
<title>笔记 - 空</title>
<message />
<createdAt>2017-07-23T09:14:18Z</createdAt>
<author>
<email>sora@live.jp</email>
<name>Sora</name>
<isAnonymous>false</isAnonymous>
<username>sora56</username>
</author>
<ipAddress>42.73.231.143</ipAddress>
<isClosed>false</isClosed>
<isDeleted>false</isDeleted>
</thread>
<thread dsq:id="6012383146">
<id>一些备忘/</id>
<forum>intimus</forum>
<category dsq:id="6885318" />
<link>https://veltlion.github.io/%e4%b8%80%e4%ba%9b%e5%a4%87%e5%bf%98/</link>
<title>一些备忘 - 空</title>
<message />
<createdAt>2017-07-24T16:59:27Z</createdAt>
<author>
<email>sora@live.jp</email>
<name>Sora</name>
<isAnonymous>false</isAnonymous>
<username>sora56</username>
</author>
<ipAddress>112.215.171.87</ipAddress>
<isClosed>false</isClosed>
<isDeleted>false</isDeleted>
</thread>
<thread dsq:id="6059608982">
<id>网易云音乐歌词转换/</id>
<forum>intimus</forum>
<category dsq:id="6885318" />
<link>https://veltlion.github.io/%e7%bd%91%e6%98%93%e4%ba%91%e9%9f%b3%e4%b9%90%e6%ad%8c%e8%af%8d%e8%bd%ac%e6%8d%a2/</link>
<title>网易云音乐歌词转换</title>
<message />
<createdAt>2017-08-12T01:47:46Z</createdAt>
<author>
<email>sora@live.jp</email>
<name>Sora</name>
<isAnonymous>false</isAnonymous>
<username>sora56</username>
</author>
<ipAddress>52.175.153.251</ipAddress>
<isClosed>false</isClosed>
<isDeleted>false</isDeleted>
</thread>
<thread dsq:id="6169019481">
<id>change-ami-bios-logo/</id>
<forum>intimus</forum>
<category dsq:id="6885318" />
<link>https://veltlion.github.io/change-ami-bios-logo/</link>
<title>            修改 AMI BIOS 的启动LOGO        </title>
<message />
<createdAt>2017-09-25T10:22:53Z</createdAt>
<author>
<email>sora@live.jp</email>
<name>Sora</name>
<isAnonymous>false</isAnonymous>
<username>sora56</username>
</author>
<ipAddress>107.174.39.10</ipAddress>
<isClosed>false</isClosed>
<isDeleted>false</isDeleted>
</thread>
<thread dsq:id="6178650801">
<id>flash-h7-4/</id>
<forum>intimus</forum>
<category dsq:id="6885318" />
<link>https://veltlion.github.io/flash-h7-4/</link>
<title>            给海美迪H7四代刷机        </title>
<message />
<createdAt>2017-09-29T07:52:59Z</createdAt>
<author>
<email>sora@live.jp</email>
<name>Sora</name>
<isAnonymous>false</isAnonymous>
<username>sora56</username>
</author>
<ipAddress>107.174.39.10</ipAddress>
<isClosed>false</isClosed>
<isDeleted>false</isDeleted>
</thread>
<thread dsq:id="6205367475">
<id>C语言求素数的几种方法/</id>
<forum>intimus</forum>
<category dsq:id="6885318" />
<link>https://veltlion.github.io/C%e8%af%ad%e8%a8%80%e6%b1%82%e7%b4%a0%e6%95%b0%e7%9a%84%e5%87%a0%e7%a7%8d%e6%96%b9%e6%b3%95/</link>
<title>            C语言求素数的几种方法        </title>
<message />
<createdAt>2017-10-10T21:11:24Z</createdAt>
<author>
<email>sora@live.jp</email>
<name>Sora</name>
<isAnonymous>false</isAnonymous>
<username>sora56</username>
</author>
<ipAddress>129.2.181.240</ipAddress>
<isClosed>false</isClosed>
<isDeleted>false</isDeleted>
</thread>
<thread dsq:id="6225133106">
<id />
<forum>intimus</forum>
<category dsq:id="6885318" />
<link>https://veltlion.github.io/%E4%B8%80%E4%BA%9B%E5%A4%87%E5%BF%98/</link>
<title>一些备忘 | 空</title>
<message />
<createdAt>2017-10-19T01:40:21Z</createdAt>
<author>
<email>sora@live.jp</email>
<name>Sora</name>
<isAnonymous>false</isAnonymous>
<username>sora56</username>
</author>
<ipAddress>107.174.39.10</ipAddress>
<isClosed>false</isClosed>
<isDeleted>false</isDeleted>
</thread>
<thread dsq:id="6225228869">
<id>fix-usb-tethering-on-windows/</id>
<forum>intimus</forum>
<category dsq:id="6885318" />
<link>https://veltlion.github.io/fix-usb-tethering-on-windows/</link>
<title> USB网络共享</title>
<message />
<createdAt>2017-10-19T02:58:22Z</createdAt>
<author>
<email>sora@live.jp</email>
<name>Sora</name>
<isAnonymous>false</isAnonymous>
<username>sora56</username>
</author>
<ipAddress>158.69.228.184</ipAddress>
<isClosed>false</isClosed>
<isDeleted>false</isDeleted>
</thread>
<thread dsq:id="6227511589">
<id />
<forum>intimus</forum>
<category dsq:id="6885318" />
<link>https://veltlion.github.io/untitled/</link>
<title> Untitled</title>
<message />
<createdAt>2017-10-20T02:31:10Z</createdAt>
<author>
<email>sora@live.jp</email>
<name>Sora</name>
<isAnonymous>false</isAnonymous>
<username>sora56</username>
</author>
<ipAddress>40.77.178.108</ipAddress>
<isClosed>false</isClosed>
<isDeleted>false</isDeleted>
</thread>
<thread dsq:id="6241785729">
<id />
<forum>intimus</forum>
<category dsq:id="6885318" />
<link>https://veltlion.github.io/%E6%A0%87%E6%97%A5%E5%88%9D%E7%BA%A7%E7%AC%AC%E4%B8%80%E5%8D%95%E5%85%83/</link>
<title>笔记 | 空</title>
<message />
<createdAt>2017-10-26T01:49:46Z</createdAt>
<author>
<email>sora@live.jp</email>
<name>Sora</name>
<isAnonymous>false</isAnonymous>
<username>sora56</username>
</author>
<ipAddress>67.21.79.46</ipAddress>
<isClosed>false</isClosed>
<isDeleted>false</isDeleted>
</thread>
<thread dsq:id="6241792080">
<id />
<forum>intimus</forum>
<category dsq:id="6885318" />
<link>https://veltlion.github.io/%E8%A6%81%E6%96%AD%E7%BD%91%E4%BA%86/</link>
<title>要断网了 | 空</title>
<message />
<createdAt>2017-10-26T01:54:15Z</createdAt>
<author>
<email>sora@live.jp</email>
<name>Sora</name>
<isAnonymous>false</isAnonymous>
<username>sora56</username>
</author>
<ipAddress>67.21.79.46</ipAddress>
<isClosed>false</isClosed>
<isDeleted>false</isDeleted>
</thread>
<thread dsq:id="6282506594">
<id />
<forum>intimus</forum>
<category dsq:id="6885318" />
<link>https://veltlion.github.io/%E5%8D%9A%E5%AE%A2%E4%BB%8E%E6%89%8B%E6%9C%BA%E6%8C%AA%E5%88%B0VPS%E5%95%A6/</link>
<title> 博客从手机挪到VPS啦</title>
<message />
<createdAt>2017-11-14T03:51:02Z</createdAt>
<author>
<email>sora@live.jp</email>
<name>Sora</name>
<isAnonymous>false</isAnonymous>
<username>sora56</username>
</author>
<ipAddress>45.63.95.12</ipAddress>
<isClosed>false</isClosed>
<isDeleted>false</isDeleted>
</thread>
<thread dsq:id="6282522286">
<id />
<forum>intimus</forum>
<category dsq:id="6885318" />
<link>https://veltlion.github.io/%E7%BD%91%E6%98%93%E4%BA%91%E9%9F%B3%E4%B9%90%E6%AD%8C%E8%AF%8D%E8%BD%AC%E6%8D%A2/</link>
<title> 网易云音乐歌词转换</title>
<message />
<createdAt>2017-11-14T04:05:56Z</createdAt>
<author>
<email>sora@live.jp</email>
<name>Sora</name>
<isAnonymous>false</isAnonymous>
<username>sora56</username>
</author>
<ipAddress>45.63.95.12</ipAddress>
<isClosed>false</isClosed>
<isDeleted>false</isDeleted>
</thread>
<thread dsq:id="6296996865">
<id />
<forum>intimus</forum>
<category dsq:id="6885318" />
<link>https://veltlion.bitbucket.io/flash-h7-4/</link>
<title> 给海美迪H7四代刷第三方ROM</title>
<message />
<createdAt>2017-11-20T11:27:57Z</createdAt>
<author>
<email>sora@live.jp</email>
<name>Sora</name>
<isAnonymous>false</isAnonymous>
<username>sora56</username>
</author>
<ipAddress>118.189.61.32</ipAddress>
<isClosed>false</isClosed>
<isDeleted>false</isDeleted>
</thread>
<thread dsq:id="6301838575">
<id />
<forum>intimus</forum>
<category dsq:id="6885318" />
<link>https://veltlion.github.io/%E8%AF%BB%E4%B9%A6%E7%AC%94%E8%AE%B0/</link>
<title>看书的笔记 | 空</title>
<message />
<createdAt>2017-11-22T08:59:24Z</createdAt>
<author>
<email>sora@live.jp</email>
<name>Sora</name>
<isAnonymous>false</isAnonymous>
<username>sora56</username>
</author>
<ipAddress>67.218.147.28</ipAddress>
<isClosed>false</isClosed>
<isDeleted>false</isDeleted>
</thread>
<thread dsq:id="6322569376">
<id />
<forum>intimus</forum>
<category dsq:id="6885318" />
<link>https://veltlion.github.io/C%E8%AF%AD%E8%A8%80%E6%B1%82%E7%B4%A0%E6%95%B0%E7%9A%84%E5%87%A0%E7%A7%8D%E6%96%B9%E6%B3%95/</link>
<title> C语言求素数的几种方法</title>
<message />
<createdAt>2017-12-01T14:49:26Z</createdAt>
<author>
<email>sora@live.jp</email>
<name>Sora</name>
<isAnonymous>false</isAnonymous>
<username>sora56</username>
</author>
<ipAddress>47.74.128.200</ipAddress>
<isClosed>false</isClosed>
<isDeleted>false</isDeleted>
</thread>
<thread dsq:id="6334958215">
<id>links/index.html</id>
<forum>intimus</forum>
<category dsq:id="6885318" />
<link>https://veltlion.github.io/links/index.html</link>
<title>友情链接～</title>
<message />
<createdAt>2017-12-07T14:25:48Z</createdAt>
<author>
<email>sora@live.jp</email>
<name>Sora</name>
<isAnonymous>false</isAnonymous>
<username>sora56</username>
</author>
<ipAddress>107.174.39.10</ipAddress>
<isClosed>false</isClosed>
<isDeleted>false</isDeleted>
</thread>
<thread dsq:id="6334969348">
<id>/404.html</id>
<forum>intimus</forum>
<category dsq:id="6885318" />
<link>https://veltlion.github.io//404.html</link>
<title>404 Not Found</title>
<message />
<createdAt>2017-12-07T14:31:36Z</createdAt>
<author>
<email>sora@live.jp</email>
<name>Sora</name>
<isAnonymous>false</isAnonymous>
<username>sora56</username>
</author>
<ipAddress>107.174.39.10</ipAddress>
<isClosed>false</isClosed>
<isDeleted>false</isDeleted>
</thread>
<thread dsq:id="6335264559">
<id>compiling-aria2-for-android/</id>
<forum>intimus</forum>
<category dsq:id="6885318" />
<link>https://veltlion.github.io/compiling-aria2-for-android/</link>
<title>编译aria2笔记</title>
<message />
<createdAt>2017-12-07T16:58:42Z</createdAt>
<author>
<email>sora@live.jp</email>
<name>Sora</name>
<isAnonymous>false</isAnonymous>
<username>sora56</username>
</author>
<ipAddress>107.174.39.10</ipAddress>
<isClosed>false</isClosed>
<isDeleted>false</isDeleted>
</thread>
<thread dsq:id="6335268647">
<id>hexo-on-android/</id>
<forum>intimus</forum>
<category dsq:id="6885318" />
<link>https://veltlion.github.io/</link>
<title>0</title>
<message />
<createdAt>2017-12-07T17:00:51Z</createdAt>
<author>
<email>sora@live.jp</email>
<name>Sora</name>
<isAnonymous>false</isAnonymous>
<username>sora56</username>
</author>
<ipAddress>107.174.39.10</ipAddress>
<isClosed>false</isClosed>
<isDeleted>false</isDeleted>
</thread>
<thread dsq:id="6335355969">
<id>逆序的三位数/</id>
<forum>intimus</forum>
<category dsq:id="6885318" />
<link>https://veltlion.github.io/%e9%80%86%e5%ba%8f%e7%9a%84%e4%b8%89%e4%bd%8d%e6%95%b0/</link>
<title>逆序的三位数</title>
<message />
<createdAt>2017-12-07T17:45:00Z</createdAt>
<author>
<email>sora@live.jp</email>
<name>Sora</name>
<isAnonymous>false</isAnonymous>
<username>sora56</username>
</author>
<ipAddress>107.174.39.10</ipAddress>
<isClosed>false</isClosed>
<isDeleted>false</isDeleted>
</thread>
<thread dsq:id="6337071064">
<id>untitled2/</id>
<forum>intimus</forum>
<category dsq:id="6885318" />
<link>https://veltlion.github.io/untitled2/</link>
<title>Untitled（二）</title>
<message />
<createdAt>2017-12-08T12:59:42Z</createdAt>
<author>
<email>sora@live.jp</email>
<name>Sora</name>
<isAnonymous>false</isAnonymous>
<username>sora56</username>
</author>
<ipAddress>107.174.39.10</ipAddress>
<isClosed>false</isClosed>
<isDeleted>false</isDeleted>
</thread>
<thread dsq:id="6337129089">
<id>all-archives/index.html</id>
<forum>intimus</forum>
<category dsq:id="6885318" />
<link>https://veltlion.github.io/all-archives/index.html</link>
<title>all-archives</title>
<message />
<createdAt>2017-12-08T13:31:44Z</createdAt>
<author>
<email>sora@live.jp</email>
<name>Sora</name>
<isAnonymous>false</isAnonymous>
<username>sora56</username>
</author>
<ipAddress>107.174.39.10</ipAddress>
<isClosed>false</isClosed>
<isDeleted>false</isDeleted>
</thread>
<post dsq:id="3329892804">
<id>wp_id=6268658010038469377</id>
<message><![CDATA[<p>试试评论</p>]]></message>
<createdAt>2016-04-02T02:34:39Z</createdAt>
<isDeleted>false</isDeleted>
<isSpam>false</isSpam>
<author>
<email>sora@live.jp</email>
<name>Sora</name>
<isAnonymous>true</isAnonymous>
</author>
<ipAddress>184.164.68.27</ipAddress>
<thread dsq:id="5860267476" />
</post>
<post dsq:id="3329892847">
<id>wp_id=6268658198228501249</id>
<message><![CDATA[<p>试试评论</p>]]></message>
<createdAt>2016-04-02T02:35:23Z</createdAt>
<isDeleted>false</isDeleted>
<isSpam>false</isSpam>
<author>
<email>sora@live.jp</email>
<name>Sora</name>
<isAnonymous>true</isAnonymous>
</author>
<ipAddress>117.14.106.204</ipAddress>
<thread dsq:id="5860267519" />
</post>
<post dsq:id="3329892831">
<id>wp_id=6268661406774592258</id>
<message><![CDATA[<p>test</p>]]></message>
<createdAt>2016-04-02T02:47:50Z</createdAt>
<isDeleted>false</isDeleted>
<isSpam>false</isSpam>
<author>
<email>sora@live.jp</email>
<name>Sora</name>
<isAnonymous>true</isAnonymous>
</author>
<ipAddress>117.14.106.204</ipAddress>
<thread dsq:id="5860267511" />
</post>
<post dsq:id="3329892808">
<id>wp_id=6268670922538877698</id>
<message><![CDATA[<p>试试评论</p>]]></message>
<createdAt>2016-04-02T03:24:45Z</createdAt>
<isDeleted>false</isDeleted>
<isSpam>false</isSpam>
<author>
<email>sora@live.jp</email>
<name>Sora</name>
<isAnonymous>true</isAnonymous>
</author>
<ipAddress>117.14.106.204</ipAddress>
<thread dsq:id="5860267476" />
</post>
<post dsq:id="3329892811">
<id>wp_id=6268671659738137346</id>
<message><![CDATA[<p>试试评论</p>]]></message>
<createdAt>2016-04-02T03:27:37Z</createdAt>
<isDeleted>false</isDeleted>
<isSpam>false</isSpam>
<author>
<email>sora@live.jp</email>
<name>Sora</name>
<isAnonymous>true</isAnonymous>
</author>
<ipAddress>117.14.106.204</ipAddress>
<thread dsq:id="5860267476" />
</post>
<post dsq:id="3329892814">
<id>wp_id=6268671729128702722</id>
<message><![CDATA[<p>试试</p>]]></message>
<createdAt>2016-04-02T03:27:53Z</createdAt>
<isDeleted>false</isDeleted>
<isSpam>false</isSpam>
<author>
<email>sora@live.jp</email>
<name>Sora</name>
<isAnonymous>true</isAnonymous>
</author>
<ipAddress>117.14.106.204</ipAddress>
<thread dsq:id="5860267476" />
</post>
<post dsq:id="3329892816">
<id>wp_id=6268673169108763393</id>
<message><![CDATA[<p>试试</p>]]></message>
<createdAt>2016-04-02T03:33:28Z</createdAt>
<isDeleted>false</isDeleted>
<isSpam>false</isSpam>
<author>
<email>sora@live.jp</email>
<name>Sora</name>
<isAnonymous>true</isAnonymous>
</author>
<ipAddress>117.14.106.204</ipAddress>
<thread dsq:id="5860267476" />
</post>
<post dsq:id="3329892817">
<id>wp_id=6268673395680871169</id>
<message><![CDATA[<p>试试</p>]]></message>
<createdAt>2016-04-02T03:34:21Z</createdAt>
<isDeleted>false</isDeleted>
<isSpam>false</isSpam>
<author>
<email>sora@live.jp</email>
<name>Sora</name>
<isAnonymous>true</isAnonymous>
</author>
<ipAddress>117.14.106.204</ipAddress>
<thread dsq:id="5860267476" />
</post>
<post dsq:id="3329892818">
<id>wp_id=6268911937833140994</id>
<message><![CDATA[<p>还差这是什么回复啊!!!!</p>]]></message>
<createdAt>2016-04-02T19:00:01Z</createdAt>
<isDeleted>false</isDeleted>
<isSpam>false</isSpam>
<author>
<email>258425@gtfc.com</email>
<name>嘎嘎</name>
<isAnonymous>true</isAnonymous>
</author>
<ipAddress>116.1.154.229</ipAddress>
<thread dsq:id="5860267476" />
</post>
<post dsq:id="3365920342">
<id>wp_id=6269151262416044801</id>
<message><![CDATA[<p>我就看看吧</p>]]></message>
<createdAt>2016-04-03T10:28:43Z</createdAt>
<isDeleted>false</isDeleted>
<isSpam>false</isSpam>
<author>
<email>thb211@126.com</email>
<name>驭风者😌👍</name>
<isAnonymous>true</isAnonymous>
</author>
<ipAddress>67.215.233.198</ipAddress>
<thread dsq:id="5917426128" />
</post>
<post dsq:id="3329892806">
<id>wp_id=6269151262416044801</id>
<message><![CDATA[<p>我就看看吧</p>]]></message>
<createdAt>2016-04-03T10:28:43Z</createdAt>
<isDeleted>false</isDeleted>
<isSpam>false</isSpam>
<author>
<email>thb211@126.com</email>
<name>驭风者😌👍</name>
<isAnonymous>true</isAnonymous>
</author>
<ipAddress>67.215.233.198</ipAddress>
<thread dsq:id="5860267479" />
</post>
<post dsq:id="3329892820">
<id>wp_id=6269540663734305538</id>
<message><![CDATA[<p>test</p>]]></message>
<createdAt>2016-04-04T11:39:48Z</createdAt>
<isDeleted>false</isDeleted>
<isSpam>false</isSpam>
<author>
<email>sora@live.jp</email>
<name>test</name>
<isAnonymous>true</isAnonymous>
</author>
<ipAddress>117.14.106.204</ipAddress>
<thread dsq:id="5860267476" />
</post>
<post dsq:id="3329892803">
<id>wp_id=6271462780176433921</id>
<message><![CDATA[<p>kanakn</p>]]></message>
<createdAt>2016-04-09T15:58:35Z</createdAt>
<isDeleted>false</isDeleted>
<isSpam>false</isSpam>
<author>
<email>thb211@126.com</email>
<name>卡不死</name>
<isAnonymous>true</isAnonymous>
</author>
<ipAddress>116.1.154.108</ipAddress>
<thread dsq:id="5860267474" />
</post>
<post dsq:id="3329892826">
<id>wp_id=6271463757843530498</id>
<message><![CDATA[<p>测试</p>]]></message>
<createdAt>2016-04-09T16:02:23Z</createdAt>
<isDeleted>false</isDeleted>
<isSpam>false</isSpam>
<author>
<email>thb211@126.com</email>
<name>卡不死</name>
<isAnonymous>true</isAnonymous>
</author>
<ipAddress>116.1.154.108</ipAddress>
<thread dsq:id="5860267500" />
</post>
<post dsq:id="3329892821">
<id>wp_id=6271481896425751298</id>
<message><![CDATA[<p>卡死了</p>]]></message>
<createdAt>2016-04-09T17:12:46Z</createdAt>
<isDeleted>false</isDeleted>
<isSpam>false</isSpam>
<author>
<email>none@wordpress.disqus.net</email>
<name>叼烟找妹子</name>
<isAnonymous>true</isAnonymous>
</author>
<ipAddress>117.136.24.182</ipAddress>
<thread dsq:id="5860267476" />
</post>
<post dsq:id="3365920341">
<id>wp_id=6298150794642326273</id>
<message><![CDATA[<p>以后可要小心点哦,记得备份 (╯3╰)</p>]]></message>
<createdAt>2016-06-20T14:01:43Z</createdAt>
<isDeleted>false</isDeleted>
<isSpam>false</isSpam>
<author>
<email>1314521@mail.ee</email>
<name>文科</name>
<isAnonymous>true</isAnonymous>
</author>
<ipAddress>223.104.11.181</ipAddress>
<thread dsq:id="5917426127" />
</post>
<post dsq:id="3329892828">
<id>wp_id=6298150794642326273</id>
<message><![CDATA[<p>以后可要小心点哦,记得备份 (╯3╰)</p>]]></message>
<createdAt>2016-06-20T14:01:43Z</createdAt>
<isDeleted>false</isDeleted>
<isSpam>false</isSpam>
<author>
<email>1314521@mail.ee</email>
<name>文科</name>
<isAnonymous>true</isAnonymous>
</author>
<ipAddress>223.104.11.181</ipAddress>
<thread dsq:id="5860267499" />
</post>
<post dsq:id="3365920348">
<id>wp_id=6298152577787757313</id>
<message><![CDATA[<p>嗯,现在换用hexo所以不需要数据库啦。</p>]]></message>
<createdAt>2016-06-20T14:08:38Z</createdAt>
<isDeleted>false</isDeleted>
<isSpam>false</isSpam>
<author>
<email>sora@live.jp</email>
<name>Sora</name>
<isAnonymous>true</isAnonymous>
</author>
<ipAddress>117.10.110.102</ipAddress>
<thread dsq:id="5917426127" />
<parent dsq:id="3365920341" />
</post>
<post dsq:id="3329892840">
<id>wp_id=6298152577787757313</id>
<message><![CDATA[<p>嗯,现在换用hexo所以不需要数据库啦。</p>]]></message>
<createdAt>2016-06-20T14:08:38Z</createdAt>
<isDeleted>false</isDeleted>
<isSpam>false</isSpam>
<author>
<email>sora@live.jp</email>
<name>Sora</name>
<isAnonymous>true</isAnonymous>
</author>
<ipAddress>117.10.110.102</ipAddress>
<thread dsq:id="5860267499" />
<parent dsq:id="3329892828" />
</post>
<post dsq:id="3365914352">
<id>wp_id=6322950293155742465</id>
<message><![CDATA[<p>表示我只是拿水冲 多个按键废了</p>]]></message>
<createdAt>2016-08-26T09:56:26Z</createdAt>
<isDeleted>false</isDeleted>
<isSpam>false</isSpam>
<author>
<email>meowcold@gmail.com</email>
<name>Meow Cold</name>
<isAnonymous>true</isAnonymous>
</author>
<ipAddress>113.142.206.192</ipAddress>
<thread dsq:id="5917309487" />
</post>
<post dsq:id="3329892802">
<id>wp_id=6322950293155742465</id>
<message><![CDATA[<p>表示我只是拿水冲 多个按键废了</p>]]></message>
<createdAt>2016-08-26T09:56:26Z</createdAt>
<isDeleted>false</isDeleted>
<isSpam>false</isSpam>
<author>
<email>meowcold@gmail.com</email>
<name>Meow Cold</name>
<isAnonymous>true</isAnonymous>
</author>
<ipAddress>113.142.206.192</ipAddress>
<thread dsq:id="5860267473" />
</post>
<post dsq:id="3365914460">
<id>wp_id=6322992430383629057</id>
<message><![CDATA[<p>心疼,我的至少还能用…</p>]]></message>
<createdAt>2016-08-26T12:39:57Z</createdAt>
<isDeleted>false</isDeleted>
<isSpam>false</isSpam>
<author>
<email>sora@live.jp</email>
<name>Sora</name>
<isAnonymous>true</isAnonymous>
</author>
<ipAddress>221.197.214.121</ipAddress>
<thread dsq:id="5917309487" />
<parent dsq:id="3365914352" />
</post>
<post dsq:id="3329892837">
<id>wp_id=6322992430383629057</id>
<message><![CDATA[<p>心疼,我的至少还能用…</p>]]></message>
<createdAt>2016-08-26T12:39:57Z</createdAt>
<isDeleted>false</isDeleted>
<isSpam>false</isSpam>
<author>
<email>sora@live.jp</email>
<name>Sora</name>
<isAnonymous>true</isAnonymous>
</author>
<ipAddress>221.197.214.121</ipAddress>
<thread dsq:id="5860267473" />
<parent dsq:id="3329892802" />
</post>
<post dsq:id="3365914467">
<id>wp_id=6323002112812778241</id>
<message><![CDATA[<p>时隔超久,我买了雷蛇终于体会了把什么叫流着泪说好的感觉。[囧]</p>]]></message>
<createdAt>2016-08-26T13:17:31Z</createdAt>
<isDeleted>false</isDeleted>
<isSpam>false</isSpam>
<author>
<email>meowcold@gmail.com</email>
<name>Meow Cold</name>
<isAnonymous>true</isAnonymous>
</author>
<ipAddress>113.142.206.192</ipAddress>
<thread dsq:id="5917309487" />
<parent dsq:id="3365914460" />
</post>
<post dsq:id="3329892839">
<id>wp_id=6323002112812778241</id>
<message><![CDATA[<p>时隔超久,我买了雷蛇终于体会了把什么叫流着泪说好的感觉。[囧]</p>]]></message>
<createdAt>2016-08-26T13:17:31Z</createdAt>
<isDeleted>false</isDeleted>
<isSpam>false</isSpam>
<author>
<email>meowcold@gmail.com</email>
<name>Meow Cold</name>
<isAnonymous>true</isAnonymous>
</author>
<ipAddress>113.142.206.192</ipAddress>
<thread dsq:id="5860267473" />
<parent dsq:id="3329892802" />
</post>
<post dsq:id="3365914354">
<id>wp_id=6323165906155340545</id>
<message><![CDATA[<p>咣当我就跪下了</p>]]></message>
<createdAt>2016-08-26T23:53:07Z</createdAt>
<isDeleted>false</isDeleted>
<isSpam>false</isSpam>
<author>
<email>yuri@wordpress.disqus.net</email>
<name>Yuri陈子</name>
<isAnonymous>true</isAnonymous>
</author>
<ipAddress>119.176.107.15</ipAddress>
<thread dsq:id="5917309487" />
</post>
<post dsq:id="3329892807">
<id>wp_id=6323165906155340545</id>
<message><![CDATA[<p>咣当我就跪下了</p>]]></message>
<createdAt>2016-08-26T23:53:07Z</createdAt>
<isDeleted>false</isDeleted>
<isSpam>false</isSpam>
<author>
<email>yuri@wordpress.disqus.net</email>
<name>Yuri陈子</name>
<isAnonymous>true</isAnonymous>
</author>
<ipAddress>119.176.107.15</ipAddress>
<thread dsq:id="5860267473" />
</post>
<post dsq:id="3365914461">
<id>wp_id=6323176044190761729</id>
<message><![CDATA[<p>过来给我跪键盘吧,跪到彻底坏正好换个新的。</p>]]></message>
<createdAt>2016-08-27T00:32:28Z</createdAt>
<isDeleted>false</isDeleted>
<isSpam>false</isSpam>
<author>
<email>sora@live.jp</email>
<name>Sora</name>
<isAnonymous>true</isAnonymous>
</author>
<ipAddress>111.166.156.29</ipAddress>
<thread dsq:id="5917309487" />
<parent dsq:id="3365914354" />
</post>
<post dsq:id="3329892842">
<id>wp_id=6323176044190761729</id>
<message><![CDATA[<p>过来给我跪键盘吧,跪到彻底坏正好换个新的。</p>]]></message>
<createdAt>2016-08-27T00:32:28Z</createdAt>
<isDeleted>false</isDeleted>
<isSpam>false</isSpam>
<author>
<email>sora@live.jp</email>
<name>Sora</name>
<isAnonymous>true</isAnonymous>
</author>
<ipAddress>111.166.156.29</ipAddress>
<thread dsq:id="5860267473" />
<parent dsq:id="3329892807" />
</post>
<post dsq:id="3365914355">
<id>wp_id=6323889077422670593</id>
<message><![CDATA[<p>冒泡。</p>]]></message>
<createdAt>2016-08-28T22:39:24Z</createdAt>
<isDeleted>false</isDeleted>
<isSpam>false</isSpam>
<author>
<email>258@qq.com</email>
<name>kabusi</name>
<isAnonymous>true</isAnonymous>
</author>
<ipAddress>101.247.253.193</ipAddress>
<thread dsq:id="5917309487" />
</post>
<post dsq:id="3329892812">
<id>wp_id=6323889077422670593</id>
<message><![CDATA[<p>冒泡。</p>]]></message>
<createdAt>2016-08-28T22:39:24Z</createdAt>
<isDeleted>false</isDeleted>
<isSpam>false</isSpam>
<author>
<email>258@qq.com</email>
<name>kabusi</name>
<isAnonymous>true</isAnonymous>
</author>
<ipAddress>101.247.253.193</ipAddress>
<thread dsq:id="5860267473" />
</post>
<post dsq:id="3329892824">
<id>wp_id=6341966636823610113</id>
<message><![CDATA[<p>看看</p>]]></message>
<createdAt>2016-10-16T15:49:34Z</createdAt>
<isDeleted>false</isDeleted>
<isSpam>false</isSpam>
<author>
<email>yiguihai@gmail.com</email>
<name>小白</name>
<isAnonymous>true</isAnonymous>
</author>
<ipAddress>153.125.234.174</ipAddress>
<thread dsq:id="5860267496" />
</post>
<post dsq:id="3365914356">
<id>wp_id=6343441181833167618</id>
<message><![CDATA[<p>写的不错哈,支持一下 欢迎回访:<a href="http://www.viplinger.cn" rel="nofollow noopener" title="http://www.viplinger.cn">http://www.viplinger.cn</a></p>]]></message>
<createdAt>2016-10-20T15:11:33Z</createdAt>
<isDeleted>false</isDeleted>
<isSpam>false</isSpam>
<author>
<email>xevip@xevip.cn</email>
<name>VIP灵儿网</name>
<isAnonymous>true</isAnonymous>
</author>
<ipAddress>253.149.9.91</ipAddress>
<thread dsq:id="5917309487" />
</post>
<post dsq:id="3329892813">
<id>wp_id=6343441181833167618</id>
<message><![CDATA[<p>写的不错哈,支持一下 欢迎回访:<a href="http://www.viplinger.cn" rel="nofollow noopener" title="http://www.viplinger.cn">http://www.viplinger.cn</a></p>]]></message>
<createdAt>2016-10-20T15:11:33Z</createdAt>
<isDeleted>false</isDeleted>
<isSpam>false</isSpam>
<author>
<email>xevip@xevip.cn</email>
<name>VIP灵儿网</name>
<isAnonymous>true</isAnonymous>
</author>
<ipAddress>253.149.9.91</ipAddress>
<thread dsq:id="5860267473" />
</post>
<post dsq:id="3365920346">
<id>wp_id=6375427531733992194</id>
<message><![CDATA[<p>心疼。。。。。。摸摸头</p>]]></message>
<createdAt>2017-01-14T19:54:55Z</createdAt>
<isDeleted>false</isDeleted>
<isSpam>false</isSpam>
<author>
<email>meowcold@gmail.com</email>
<name>Meow Cold</name>
<isAnonymous>true</isAnonymous>
</author>
<ipAddress>113.142.202.118</ipAddress>
<thread dsq:id="5917310757" />
</post>
<post dsq:id="3329892827">
<id>wp_id=6375427531733992194</id>
<message><![CDATA[<p>心疼。。。。。。摸摸头</p>]]></message>
<createdAt>2017-01-14T19:54:55Z</createdAt>
<isDeleted>false</isDeleted>
<isSpam>false</isSpam>
<author>
<email>meowcold@gmail.com</email>
<name>Meow Cold</name>
<isAnonymous>true</isAnonymous>
</author>
<ipAddress>113.142.202.118</ipAddress>
<thread dsq:id="5860267503" />
</post>
<post dsq:id="3365920448">
<id>wp_id=6393730475206116097</id>
<message><![CDATA[<p>屏幕又被猫猫挠了一道,心好累啊…话说有新评论多说居然没给我发邮件,现在才看到…</p>]]></message>
<createdAt>2017-03-05T03:39:41Z</createdAt>
<isDeleted>false</isDeleted>
<isSpam>false</isSpam>
<author>
<email>sora@live.jp</email>
<name>Sora</name>
<isAnonymous>true</isAnonymous>
</author>
<ipAddress>221.198.43.122</ipAddress>
<thread dsq:id="5917310757" />
<parent dsq:id="3365920346" />
</post>
<post dsq:id="3329892841">
<id>wp_id=6393730475206116097</id>
<message><![CDATA[<p>屏幕又被猫猫挠了一道,心好累啊…话说有新评论多说居然没给我发邮件,现在才看到…</p>]]></message>
<createdAt>2017-03-05T03:39:41Z</createdAt>
<isDeleted>false</isDeleted>
<isSpam>false</isSpam>
<author>
<email>sora@live.jp</email>
<name>Sora</name>
<isAnonymous>true</isAnonymous>
</author>
<ipAddress>221.198.43.122</ipAddress>
<thread dsq:id="5860267503" />
<parent dsq:id="3329892827" />
</post>
<post dsq:id="3365920675">
<id>wp_id=6393865488698442498</id>
<message><![CDATA[<p>没上贴膜?</p>]]></message>
<createdAt>2017-03-05T12:23:37Z</createdAt>
<isDeleted>false</isDeleted>
<isSpam>false</isSpam>
<author>
<email>meowcold@gmail.com</email>
<name>Meow Cold</name>
<isAnonymous>true</isAnonymous>
</author>
<ipAddress>113.142.204.23</ipAddress>
<thread dsq:id="5917310757" />
<parent dsq:id="3365920448" />
</post>
<post dsq:id="3329892845">
<id>wp_id=6393865488698442498</id>
<message><![CDATA[<p>没上贴膜?</p>]]></message>
<createdAt>2017-03-05T12:23:37Z</createdAt>
<isDeleted>false</isDeleted>
<isSpam>false</isSpam>
<author>
<email>meowcold@gmail.com</email>
<name>Meow Cold</name>
<isAnonymous>true</isAnonymous>
</author>
<ipAddress>113.142.204.23</ipAddress>
<thread dsq:id="5860267503" />
<parent dsq:id="3329892827" />
</post>
<post dsq:id="3365921020">
<id>wp_id=6393879281667146497</id>
<message><![CDATA[<p>没,这屏幕有毒,上贴膜太瞎眼(虽说不贴也很辣眼睛就是了</p>]]></message>
<createdAt>2017-03-05T13:17:08Z</createdAt>
<isDeleted>false</isDeleted>
<isSpam>false</isSpam>
<author>
<email>sora@live.jp</email>
<name>Sora</name>
<isAnonymous>true</isAnonymous>
</author>
<ipAddress>153.125.231.174</ipAddress>
<thread dsq:id="5917310757" />
<parent dsq:id="3365920675" />
</post>
<post dsq:id="3329892843">
<id>wp_id=6393879281667146497</id>
<message><![CDATA[<p>没,这屏幕有毒,上贴膜太瞎眼(虽说不贴也很辣眼睛就是了</p>]]></message>
<createdAt>2017-03-05T13:17:08Z</createdAt>
<isDeleted>false</isDeleted>
<isSpam>false</isSpam>
<author>
<email>sora@live.jp</email>
<name>Sora</name>
<isAnonymous>true</isAnonymous>
</author>
<ipAddress>153.125.231.174</ipAddress>
<thread dsq:id="5860267503" />
<parent dsq:id="3329892827" />
</post>
<post dsq:id="3365921475">
<id>wp_id=6395115683314664194</id>
<message><![CDATA[<p>[哈哈]快换iphone哈哈哈</p>]]></message>
<createdAt>2017-03-08T21:15:00Z</createdAt>
<isDeleted>false</isDeleted>
<isSpam>false</isSpam>
<author>
<email>meowcold@gmail.com</email>
<name>Meow Cold</name>
<isAnonymous>true</isAnonymous>
</author>
<ipAddress>113.142.205.96</ipAddress>
<thread dsq:id="5917310757" />
<parent dsq:id="3365921020" />
</post>
<post dsq:id="3329892833">
<id>wp_id=6395115683314664194</id>
<message><![CDATA[<p>[哈哈]快换iphone哈哈哈</p>]]></message>
<createdAt>2017-03-08T21:15:00Z</createdAt>
<isDeleted>false</isDeleted>
<isSpam>false</isSpam>
<author>
<email>meowcold@gmail.com</email>
<name>Meow Cold</name>
<isAnonymous>true</isAnonymous>
</author>
<ipAddress>113.142.205.96</ipAddress>
<thread dsq:id="5860267503" />
<parent dsq:id="3329892827" />
</post>
<post dsq:id="3365920349">
<id>wp_id=6395120619813339905</id>
<message><![CDATA[<p>可惜她不要你 只要琉莉迪丝&lt;img src="<a href="https://ooo.0o0.ooo/2017/03/08/58c0083aa9cb4.jpg" rel="nofollow noopener" title="https://ooo.0o0.ooo/2017/03/08/58c0083aa9cb4.jpg">https://ooo.0o0.ooo/2017/03...</a>"/&gt;</p>]]></message>
<createdAt>2017-03-08T21:34:10Z</createdAt>
<isDeleted>false</isDeleted>
<isSpam>false</isSpam>
<author>
<email>meowcold@gmail.com</email>
<name>Meow Cold</name>
<isAnonymous>true</isAnonymous>
</author>
<ipAddress>113.142.205.96</ipAddress>
<thread dsq:id="5917426138" />
</post>
<post dsq:id="3329892836">
<id>wp_id=6395120619813339905</id>
<message><![CDATA[<p>可惜她不要你 只要琉莉迪丝&lt;img src="<a href="https://ooo.0o0.ooo/2017/03/08/58c0083aa9cb4.jpg" rel="nofollow noopener" title="https://ooo.0o0.ooo/2017/03/08/58c0083aa9cb4.jpg">https://ooo.0o0.ooo/2017/03...</a>"/&gt;</p>]]></message>
<createdAt>2017-03-08T21:34:10Z</createdAt>
<isDeleted>false</isDeleted>
<isSpam>false</isSpam>
<author>
<email>meowcold@gmail.com</email>
<name>Meow Cold</name>
<isAnonymous>true</isAnonymous>
</author>
<ipAddress>113.142.205.96</ipAddress>
<thread dsq:id="5860267516" />
</post>
<post dsq:id="3365897963">
<id>wp_id=6395133229963150082</id>
<message><![CDATA[<p>嫌弃 喵!</p>]]></message>
<createdAt>2017-03-08T22:23:06Z</createdAt>
<isDeleted>false</isDeleted>
<isSpam>false</isSpam>
<author>
<email>meowcold@gmail.com</email>
<name>Meow Cold</name>
<isAnonymous>true</isAnonymous>
</author>
<ipAddress>113.142.205.96</ipAddress>
<thread dsq:id="5917336803" />
</post>
<post dsq:id="3329892830">
<id>wp_id=6395133229963150082</id>
<message><![CDATA[<p>嫌弃 喵!</p>]]></message>
<createdAt>2017-03-08T22:23:06Z</createdAt>
<isDeleted>false</isDeleted>
<isSpam>false</isSpam>
<author>
<email>meowcold@gmail.com</email>
<name>Meow Cold</name>
<isAnonymous>true</isAnonymous>
</author>
<ipAddress>113.142.205.96</ipAddress>
<thread dsq:id="5860267510" />
</post>
<post dsq:id="3365920450">
<id>wp_id=6395316389812372226</id>
<message><![CDATA[<p>&lt;img src="<a href="https://ooo.0o0.ooo/2017/03/09/58c0ba0ceb28a.png" rel="nofollow noopener" title="https://ooo.0o0.ooo/2017/03/09/58c0ba0ceb28a.png">https://ooo.0o0.ooo/2017/03...</a>"/&gt;</p>]]></message>
<createdAt>2017-03-09T10:13:51Z</createdAt>
<isDeleted>false</isDeleted>
<isSpam>false</isSpam>
<author>
<email>sora@live.jp</email>
<name>Sora</name>
<isAnonymous>true</isAnonymous>
</author>
<ipAddress>117.14.106.226</ipAddress>
<thread dsq:id="5917426138" />
<parent dsq:id="3365920349" />
</post>
<post dsq:id="3329892855">
<id>wp_id=6395316389812372226</id>
<message><![CDATA[<p>&lt;img src="<a href="https://ooo.0o0.ooo/2017/03/09/58c0ba0ceb28a.png" rel="nofollow noopener" title="https://ooo.0o0.ooo/2017/03/09/58c0ba0ceb28a.png">https://ooo.0o0.ooo/2017/03...</a>"/&gt;</p>]]></message>
<createdAt>2017-03-09T10:13:51Z</createdAt>
<isDeleted>false</isDeleted>
<isSpam>false</isSpam>
<author>
<email>sora@live.jp</email>
<name>Sora</name>
<isAnonymous>true</isAnonymous>
</author>
<ipAddress>117.14.106.226</ipAddress>
<thread dsq:id="5860267516" />
<parent dsq:id="3329892836" />
</post>
<post dsq:id="3329892832">
<id>wp_id=6395316648777089793</id>
<message><![CDATA[<p>这两个的价钱根本不在一个级别啦</p>]]></message>
<createdAt>2017-03-09T10:14:51Z</createdAt>
<isDeleted>false</isDeleted>
<isSpam>false</isSpam>
<author>
<email>sora@live.jp</email>
<name>Sora</name>
<isAnonymous>true</isAnonymous>
</author>
<ipAddress>117.14.106.226</ipAddress>
<thread dsq:id="5860267503" />
<parent dsq:id="3329892827" />
</post>
<post dsq:id="3365898065">
<id>wp_id=6395943755253285633</id>
<message><![CDATA[<p>前段时间它有来我家附近,我分了点猫粮给它吃,现在它每天都在外面叫要食吃。(话说和它熟了之后我才发现这只猫是公的..这么漂亮可爱的猫猫居然是男孩子!</p>]]></message>
<createdAt>2017-03-11T02:48:21Z</createdAt>
<isDeleted>false</isDeleted>
<isSpam>false</isSpam>
<author>
<email>sora@live.jp</email>
<name>Sora</name>
<isAnonymous>true</isAnonymous>
</author>
<ipAddress>221.197.208.235</ipAddress>
<thread dsq:id="5917336803" />
<parent dsq:id="3365897963" />
</post>
<post dsq:id="3329892848">
<id>wp_id=6395943755253285633</id>
<message><![CDATA[<p>前段时间它有来我家附近,我分了点猫粮给它吃,现在它每天都在外面叫要食吃。(话说和它熟了之后我才发现这只猫是公的..这么漂亮可爱的猫猫居然是男孩子!</p>]]></message>
<createdAt>2017-03-11T02:48:21Z</createdAt>
<isDeleted>false</isDeleted>
<isSpam>false</isSpam>
<author>
<email>sora@live.jp</email>
<name>Sora</name>
<isAnonymous>true</isAnonymous>
</author>
<ipAddress>221.197.208.235</ipAddress>
<thread dsq:id="5860267510" />
<parent dsq:id="3329892830" />
</post>
<post dsq:id="3365898066">
<id>wp_id=6396127240031044354</id>
<message><![CDATA[<p>[挖鼻屎]别告诉我之前你一直认为它是母的</p>]]></message>
<createdAt>2017-03-11T14:40:22Z</createdAt>
<isDeleted>false</isDeleted>
<isSpam>false</isSpam>
<author>
<email>meowcold@gmail.com</email>
<name>Meow Cold</name>
<isAnonymous>true</isAnonymous>
</author>
<ipAddress>113.142.205.241</ipAddress>
<thread dsq:id="5917336803" />
<parent dsq:id="3365897963" />
</post>
<post dsq:id="3329892844">
<id>wp_id=6396127240031044354</id>
<message><![CDATA[<p>[挖鼻屎]别告诉我之前你一直认为它是母的</p>]]></message>
<createdAt>2017-03-11T14:40:22Z</createdAt>
<isDeleted>false</isDeleted>
<isSpam>false</isSpam>
<author>
<email>meowcold@gmail.com</email>
<name>Meow Cold</name>
<isAnonymous>true</isAnonymous>
</author>
<ipAddress>113.142.205.241</ipAddress>
<thread dsq:id="5860267510" />
<parent dsq:id="3329892830" />
</post>
<post dsq:id="3329892834">
<id>wp_id=6421300420223697666</id>
<message><![CDATA[<p>找了許久,似乎網路上只有大大有分享H7 四代的root,<br>請問可以分享相關的軟體嗎?</p>]]></message>
<createdAt>2017-05-18T10:45:09Z</createdAt>
<isDeleted>false</isDeleted>
<isSpam>false</isSpam>
<author>
<email>xiang1225@gmail.com</email>
<name>Xiang1225</name>
<isAnonymous>true</isAnonymous>
</author>
<ipAddress>122.121.74.28</ipAddress>
<thread dsq:id="5860251035" />
</post>
<post dsq:id="3329892854">
<id>wp_id=6421816868503290626</id>
<message><![CDATA[<p>TTL连接用 putty 就可以了,不过我最近发现了一个不用拆机也可以 ROOT 的方法,<a href="http://bbs.himedia.cn/thread-181277-1-1.html" rel="nofollow noopener" title="http://bbs.himedia.cn/thread-181277-1-1.html">http://bbs.himedia.cn/threa...</a> 装上这个帖子里面的 apk ,然后打开,电脑就可以直接 telnet 连上盒子,用户是 root 。敲命令的部分和上面一样。<br>SuperSU 的卡刷包可以到这里下载 <a href="https://download.chainfire.eu/supersu/" rel="nofollow noopener" title="https://download.chainfire.eu/supersu/">https://download.chainfire....</a> 。</p>]]></message>
<createdAt>2017-05-19T20:09:14Z</createdAt>
<isDeleted>false</isDeleted>
<isSpam>false</isSpam>
<author>
<email>sora@live.jp</email>
<name>Sora</name>
<isAnonymous>true</isAnonymous>
</author>
<ipAddress>111.163.176.245</ipAddress>
<thread dsq:id="5860251035" />
<parent dsq:id="3329892834" />
</post>
<post dsq:id="3329892849">
<id>wp_id=6421899012902748929</id>
<message><![CDATA[<p>感謝分享,我來試試看</p>]]></message>
<createdAt>2017-05-20T01:28:00Z</createdAt>
<isDeleted>false</isDeleted>
<isSpam>false</isSpam>
<author>
<email>xiang1225@gmail.com</email>
<name>Xiang1225</name>
<isAnonymous>true</isAnonymous>
</author>
<ipAddress>118.171.183.69</ipAddress>
<thread dsq:id="5860251035" />
<parent dsq:id="3329892834" />
</post>
<post dsq:id="3329892851">
<id>wp_id=6424418408435024641</id>
<message><![CDATA[<p>我試著安裝BoxTool3.1<br>但電視盒出現警告訊息,無法讓我安裝<br>後來在這邊找到3.0的版本來安裝<br><a href="https://www.mitbbs.com/article_t2/PDA/32728831.html" rel="nofollow noopener" title="https://www.mitbbs.com/article_t2/PDA/32728831.html">https://www.mitbbs.com/arti...</a><br>電視盒執行後一樣有錯誤訊息<br>繼續用電腦telnet 試著連線,但會顯示連線失敗<br>Sora大大,請教一下,這代表電視盒的Boxtool 沒執行嗎?</p>]]></message>
<createdAt>2017-05-26T20:24:33Z</createdAt>
<isDeleted>false</isDeleted>
<isSpam>false</isSpam>
<author>
<email>xiang1225@gmail.com</email>
<name>Xiang1225</name>
<isAnonymous>true</isAnonymous>
</author>
<ipAddress>122.121.74.183</ipAddress>
<thread dsq:id="5860251035" />
<parent dsq:id="3329892834" />
</post>
<post dsq:id="3329892852">
<id>wp_id=6424420941412958977</id>
<message><![CDATA[<p>另外一個問題,文章內有提到要更换recovery<br>這個檔案應該要用哪一個呢?</p>]]></message>
<createdAt>2017-05-26T20:34:22Z</createdAt>
<isDeleted>false</isDeleted>
<isSpam>false</isSpam>
<author>
<email>xiang1225@gmail.com</email>
<name>Xiang1225</name>
<isAnonymous>true</isAnonymous>
</author>
<ipAddress>122.121.74.183</ipAddress>
<thread dsq:id="5860251035" />
<parent dsq:id="3329892834" />
</post>
<post dsq:id="3329892850">
<id>wp_id=6424427877873222401</id>
<message><![CDATA[<p>是的,可以在系统设置-高级设置-Google-安全性-验证应用程式里面关闭验证,然后再安装。<br>那个帖子只下载那个apk就好,然后照着上面的敲命令就可以了。因为帖子里面说的是其他型号,但这个软件是通用的。</p>]]></message>
<createdAt>2017-05-26T21:01:17Z</createdAt>
<isDeleted>false</isDeleted>
<isSpam>false</isSpam>
<author>
<email>sora@live.jp</email>
<name>Sora</name>
<isAnonymous>true</isAnonymous>
</author>
<ipAddress>111.162.230.89</ipAddress>
<thread dsq:id="5860251035" />
<parent dsq:id="3329892834" />
</post>
<post dsq:id="3329892835">
<id>wp_id=6424472741943968514</id>
<message><![CDATA[<p>謝謝Sora大大的詳解,<br>再請教一下執行到這個步驟,出現錯誤訊息,這是甚麼意思呢?<br>我該怎麼進行下一步?<br>1|root@q201:/ # /system/xbin/daemonsu -ad<br>error: only position independent executables (PIE) are supported.</p>]]></message>
<createdAt>2017-05-26T23:55:23Z</createdAt>
<isDeleted>false</isDeleted>
<isSpam>false</isSpam>
<author>
<email>xiang1225@gmail.com</email>
<name>xiang1225</name>
<isAnonymous>true</isAnonymous>
</author>
<ipAddress>122.121.74.183</ipAddress>
<thread dsq:id="5860251035" />
</post>
<post dsq:id="3329892853">
<id>wp_id=6425471194903872257</id>
<message><![CDATA[<p>抱歉,上面的写错了,应该是 armv7/su 不是 arm/su 。已经改过来了,不好意思。&lt;img src="<a href="https://ooo.0o0.ooo/2017/05/29/592bdbb01498f.png" rel="nofollow noopener" title="https://ooo.0o0.ooo/2017/05/29/592bdbb01498f.png">https://ooo.0o0.ooo/2017/05...</a>"/&gt;</p>]]></message>
<createdAt>2017-05-29T11:54:11Z</createdAt>
<isDeleted>false</isDeleted>
<isSpam>false</isSpam>
<author>
<email>sora@live.jp</email>
<name>Sora</name>
<isAnonymous>true</isAnonymous>
</author>
<ipAddress>117.14.45.94</ipAddress>
<thread dsq:id="5860251035" />
<parent dsq:id="3329892835" />
</post>
<post dsq:id="3330175761">
<id />
<message><![CDATA[<p>謝謝Sora大大的幫忙，已經成功root</p>]]></message>
<createdAt>2017-05-29T15:45:45Z</createdAt>
<isDeleted>false</isDeleted>
<isSpam>false</isSpam>
<author>
<email>xiang1225@gmail.com</email>
<name>Xiang1225</name>
<isAnonymous>false</isAnonymous>
<username>xiang1225</username>
</author>
<ipAddress>111.255.124.76</ipAddress>
<thread dsq:id="5860251035" />
<parent dsq:id="3329892853" />
</post>
<post dsq:id="3331257460">
<id />
<message><![CDATA[<p>Sora大大，你這篇文章非常有用，可以借用分享嗎?</p>]]></message>
<createdAt>2017-05-30T08:39:00Z</createdAt>
<isDeleted>false</isDeleted>
<isSpam>false</isSpam>
<author>
<email>xiang1225@gmail.com</email>
<name>Xiang1225</name>
<isAnonymous>false</isAnonymous>
<username>xiang1225</username>
</author>
<ipAddress>111.255.124.76</ipAddress>
<thread dsq:id="5860251035" />
</post>
<post dsq:id="3331265498">
<id />
<message><![CDATA[<p>可以</p>]]></message>
<createdAt>2017-05-30T08:51:08Z</createdAt>
<isDeleted>false</isDeleted>
<isSpam>false</isSpam>
<author>
<email>sora@live.jp</email>
<name>Sora</name>
<isAnonymous>false</isAnonymous>
<username>sora56</username>
</author>
<ipAddress>153.125.234.237</ipAddress>
<thread dsq:id="5860251035" />
<parent dsq:id="3331257460" />
</post>
<post dsq:id="3333514906">
<id />
<message><![CDATA[<p>謝謝</p>]]></message>
<createdAt>2017-05-31T15:49:38Z</createdAt>
<isDeleted>false</isDeleted>
<isSpam>false</isSpam>
<author>
<email>xiang1225@gmail.com</email>
<name>Xiang1225</name>
<isAnonymous>false</isAnonymous>
<username>xiang1225</username>
</author>
<ipAddress>1.174.205.120</ipAddress>
<thread dsq:id="5860251035" />
<parent dsq:id="3331265498" />
</post>
<post dsq:id="3365857674">
<id />
<message><![CDATA[<p>test</p>]]></message>
<createdAt>2017-06-16T21:33:03Z</createdAt>
<isDeleted>false</isDeleted>
<isSpam>false</isSpam>
<author>
<email>sora@live.jp</email>
<name>Sora</name>
<isAnonymous>false</isAnonymous>
<username>sora56</username>
</author>
<ipAddress>153.125.235.147</ipAddress>
<thread dsq:id="5917336803" />
</post>
<post dsq:id="3377682589">
<id />
<message><![CDATA[<p>Sora，请问这个教程支持H7四代白金版吗？</p>]]></message>
<createdAt>2017-06-22T02:33:34Z</createdAt>
<isDeleted>false</isDeleted>
<isSpam>false</isSpam>
<author>
<email>zxzxmforever@gmail.com</email>
<name>zxz xm</name>
<isAnonymous>false</isAnonymous>
<username>zxzxm</username>
</author>
<ipAddress>107.167.19.2</ipAddress>
<thread dsq:id="5860251035" />
</post>
<post dsq:id="3377844102">
<id />
<message><![CDATA[<p>没试过，不过应该可以吧</p>]]></message>
<createdAt>2017-06-22T03:31:16Z</createdAt>
<isDeleted>false</isDeleted>
<isSpam>false</isSpam>
<author>
<email>sora@live.jp</email>
<name>Sora</name>
<isAnonymous>false</isAnonymous>
<username>sora56</username>
</author>
<ipAddress>107.172.104.143</ipAddress>
<thread dsq:id="5860251035" />
<parent dsq:id="3377682589" />
</post>
<post dsq:id="3410641317">
<id />
<message><![CDATA[<p>请问能教我吗，这是什么问题？<br>输入指令时，第二行，cp /sdcard/su /system/xbin 就出现 CP: /SDCARD/SU: NO SUCH FILE OR DIRECTORY<br>CP: BAD '/SDCARD/SU' : NO SUCH FILE OR DIRECTORY<br>谢谢</p>]]></message>
<createdAt>2017-07-11T04:21:57Z</createdAt>
<isDeleted>false</isDeleted>
<isSpam>false</isSpam>
<author>
<email>wooi5283@gmail.com</email>
<name>xuanxuan11 lee</name>
<isAnonymous>false</isAnonymous>
<username>xuanxuan11lee</username>
</author>
<ipAddress>14.192.208.232</ipAddress>
<thread dsq:id="5860251035" />
</post>
<post dsq:id="3413278495">
<id />
<message><![CDATA[<p>把 SuperSU 卡刷包里面的 common/Superuser.apk 、 armv7/su 放到到盒子的 /sdcard</p>]]></message>
<createdAt>2017-07-12T17:17:55Z</createdAt>
<isDeleted>false</isDeleted>
<isSpam>false</isSpam>
<author>
<email>sora@live.jp</email>
<name>Sora</name>
<isAnonymous>false</isAnonymous>
<username>sora56</username>
</author>
<ipAddress>117.12.93.50</ipAddress>
<thread dsq:id="5860251035" />
<parent dsq:id="3410641317" />
</post>
<post dsq:id="3414186773">
<id />
<message><![CDATA[<p>盒子的 /sdcard是指复制进internal sdcard？有特定哪个folder吗</p>]]></message>
<createdAt>2017-07-13T05:01:34Z</createdAt>
<isDeleted>false</isDeleted>
<isSpam>false</isSpam>
<author>
<email>wooi5283@gmail.com</email>
<name>xuanxuan11 lee</name>
<isAnonymous>false</isAnonymous>
<username>xuanxuan11lee</username>
</author>
<ipAddress>14.192.208.246</ipAddress>
<thread dsq:id="5860251035" />
<parent dsq:id="3413278495" />
</post>
<post dsq:id="3414208324">
<id />
<message><![CDATA[<p>是。</p>]]></message>
<createdAt>2017-07-13T05:31:56Z</createdAt>
<isDeleted>false</isDeleted>
<isSpam>false</isSpam>
<author>
<email>sora@live.jp</email>
<name>Sora</name>
<isAnonymous>false</isAnonymous>
<username>sora56</username>
</author>
<ipAddress>107.174.39.10</ipAddress>
<thread dsq:id="5860251035" />
<parent dsq:id="3414186773" />
</post>
<post dsq:id="3449304063">
<id />
<message><![CDATA[<p>感谢～好像有个问题，软连接部分 应该具体链接到 'sources/_post/'目录。单纯到与post同级目录好像hexo不认</p>]]></message>
<createdAt>2017-08-03T06:47:02Z</createdAt>
<isDeleted>false</isDeleted>
<isSpam>false</isSpam>
<author>
<email>oozryr@gmail.com</email>
<name>xwah</name>
<isAnonymous>false</isAnonymous>
<username>xwah</username>
</author>
<ipAddress>104.224.129.231</ipAddress>
<thread dsq:id="5908577457" />
</post>
<post dsq:id="3449318559">
<id />
<message><![CDATA[<p>因为我的 MarkdownX 里面有个 _post 目录</p>]]></message>
<createdAt>2017-08-03T07:10:15Z</createdAt>
<isDeleted>false</isDeleted>
<isSpam>false</isSpam>
<author>
<email>sora@live.jp</email>
<name>Sora</name>
<isAnonymous>false</isAnonymous>
<username>sora56</username>
</author>
<ipAddress>107.174.39.10</ipAddress>
<thread dsq:id="5908577457" />
<parent dsq:id="3449304063" />
</post>
<post dsq:id="3595667707">
<id />
<message><![CDATA[<p>跟站長討教<br><a href="http://www.himediatech.com/support.htm" rel="nofollow noopener" title="http://www.himediatech.com/support.htm">http://www.himediatech.com/...</a><br>不知道有沒有刷A5固件的方法?海外版海美迪A5的固件同樣是S912架構理論上跟H7四代更合？</p>]]></message>
<createdAt>2017-11-01T21:06:17Z</createdAt>
<isDeleted>false</isDeleted>
<isSpam>false</isSpam>
<author>
<email>plusblueth@gmail.com</email>
<name>kichigai</name>
<isAnonymous>false</isAnonymous>
<username>disqus_Ozw41Xs2Si</username>
</author>
<ipAddress>223.137.153.240</ipAddress>
<thread dsq:id="6178650801" />
</post>
<post dsq:id="3596087060">
<id />
<message><![CDATA[<p>A5和H7四代除了网卡好像没什么区别，H7四代的是q201，A5应该是q200。可以先在SD卡上装个LibreELEC试试。如果可以用的话，只要备份好原系统就随便刷了，可以Google或是去freaktab之类的地方找S912的固件，最好是找同样网口和同样内存大小的。</p>]]></message>
<createdAt>2017-11-02T02:42:25Z</createdAt>
<isDeleted>false</isDeleted>
<isSpam>false</isSpam>
<author>
<email>sora@live.jp</email>
<name>Sora</name>
<isAnonymous>false</isAnonymous>
<username>sora56</username>
</author>
<ipAddress>107.174.39.10</ipAddress>
<thread dsq:id="6178650801" />
<parent dsq:id="3595667707" />
</post>
<post dsq:id="3598162429">
<id />
<message><![CDATA[<p>sora站長後來是不是還是刷回原廠固件了?</p>]]></message>
<createdAt>2017-11-03T11:44:26Z</createdAt>
<isDeleted>false</isDeleted>
<isSpam>false</isSpam>
<author>
<email>plusblueth@gmail.com</email>
<name>kichigai</name>
<isAnonymous>false</isAnonymous>
<username>disqus_Ozw41Xs2Si</username>
</author>
<ipAddress>223.137.153.240</ipAddress>
<thread dsq:id="6178650801" />
<parent dsq:id="3596087060" />
</post>
<post dsq:id="3598165106">
<id />
<message><![CDATA[<p>是的，因为我脑抽买了个原厂遥控器。原厂遥控器在第三方ROM上太难用了。</p>]]></message>
<createdAt>2017-11-03T11:47:17Z</createdAt>
<isDeleted>false</isDeleted>
<isSpam>false</isSpam>
<author>
<email>sora@live.jp</email>
<name>Sora</name>
<isAnonymous>false</isAnonymous>
<username>sora56</username>
</author>
<ipAddress>107.174.39.10</ipAddress>
<thread dsq:id="6178650801" />
<parent dsq:id="3598162429" />
</post>
</disqus>
